{
   "bigram-10-led.bin": {
      "size": 194.2413387298584,
      "score": 1258.6911127157734,
      "qr_time": 7.980823516845702e-06
   },
   "bigram-10-sed.bin": {
      "size": 178.5854721069336,
      "score": 324.20206231425436,
      "qr_time": 7.23576545715332e-06
   },
   "bigram-50-led.bin": {
      "size": 541.1887617111206,
      "score": 1389.728987116063,
      "qr_time": 1.0376453399658203e-05
   },
   "bigram-50-sed.bin": {
      "size": 494.42402839660645,
      "score": 279.58186958976484,
      "qr_time": 3.2915592193603514e-05
   },
   "bigram-99-sed.bin": {
      "size": 746.703143119812,
      "score": 270.98156113980406,
      "qr_time": 2.1354436874389647e-05
   },
   "trigram-10-led.bin": {
      "size": 824.7470264434814,
      "score": 1044.4930582539682,
      "qr_time": 1.864767074584961e-05
   },
   "trigram-10-sed.bin": {
      "size": 783.9395523071289,
      "score": 246.95472889897476,
      "qr_time": 4.296684265136719e-05
   },
   "trigram-50-sed.bin": {
      "size": 2558.7417697906494,
      "score": 188.73033202569167,
      "qr_time": 2.2783756256103515e-05
   },
   "trigram-99-sed.bin": {
      "size": 4127.612910270691,
      "score": 170.49022138449868,
      "qr_time": 3.443026542663574e-05
   }
}